{
  "test/testsuite.qunit.js.map": 1696756384932,
  "test/integration/opaTests.qunit.js": 1696586199428,
  "test/integration/pages/RiskList.js": 1696586199456,
  "test/integration/pages/RiskObjectPage.js": 1696586199456,
  "test/integration/FirstJourney.js": 1696586199480,
  "test/testsuite.qunit.js": 1696586199396,
  "xs-app.json": 1696756378253,
  "manifest.json": 1696756378261,
  "Component.js": 1696586199316,
  "test/integration/opaTests.qunit-dbg.js": 1696586199428,
  "test/integration/opaTests.qunit.js.map": 1696756384932,
  "test/integration/pages/RiskList-dbg.js": 1696586199456,
  "test/integration/pages/RiskList.js.map": 1696756384932,
  "test/integration/pages/RiskObjectPage-dbg.js": 1696586199456,
  "test/integration/pages/RiskObjectPage.js.map": 1696756384928,
  "test/integration/FirstJourney-dbg.js": 1696586199480,
  "test/integration/FirstJourney.js.map": 1696756384950,
  "test/testsuite.qunit-dbg.js": 1696586199396,
  "i18n/i18n.properties": 1696586275082,
  "Component-dbg.js": 1696586199316,
  "Component.js.map": 1696756384935,
  "Component-preload.js": 1696756385051,
  "Component-preload.js.map": 1696756385051,
  "test/integration/opaTests.qunit.html": 1696586199416,
  "test/testsuite.qunit.html": 1696586199396,
  "test/flpSandbox.html": 1696586199392,
  "localService/metadata.xml": 1696586199380,
  "index.html": 1696586199316
}